{
  "tags": [
    {
      "ID": 17,
      "pose": {
        "translation": {
          "x": 4.073905999999999,
          "y": 3.3063179999999996,
          "z": 0.308102
        },
        "rotation": {
          "quaternion": {
            "W": -0.4999999999999998,
            "X": -0.0,
            "Y": 0.0,
            "Z": 0.8660254037844387
          }
        }
      }
    }
  ],
  "field": {
    "length": 17.548,
    "width": 8.052
  }
}
